id;option_text;created_at;updated_at
1;absent tenderly;2025-05-06T05:23:54;2025-05-06T11:39:07
2;rekindle altruistic;2025-05-06T03:19:32;2025-05-06T08:51:21
3;sudden light gruesome;2025-05-06T19:21:03;2025-05-06T07:05:13
4;before till;2025-05-06T14:01:38;2025-05-05T23:32:26
5;ack abaft oddly;2025-05-06T01:23:47;2025-05-06T10:17:42
6;pearl;2025-05-06T08:44:33;2025-05-06T12:27:09
7;exactly big;2025-05-06T12:08:59;2025-05-05T22:14:00
8;frenetically;2025-05-05T21:46:57;2025-05-06T12:57:37
9;worrisome;2025-05-06T17:19:45;2025-05-06T17:44:59
10;inasmuch;2025-05-05T22:54:10;2025-05-06T16:39:05
