id;comment;created_at;updated_at
1;after;2025-05-06T16:09:36;2025-05-06T18:57:07
2;or if;2025-05-05T20:02:35;2025-05-06T12:59:14
3;thankfully amid;2025-05-06T05:54:24;2025-05-06T05:26:16
4;prison certainly;2025-05-05T22:18:05;2025-05-06T09:00:19
5;proffer cause;2025-05-06T03:02:55;2025-05-05T21:57:40
6;saddle swoon;2025-05-06T17:04:26;2025-05-06T07:24:55
7;though despite;2025-05-06T18:03:30;2025-05-05T21:53:14
8;grounded as;2025-05-05T23:25:34;2025-05-06T08:39:56
9;meh frilly;2025-05-06T18:45:01;2025-05-06T14:04:32
10;pfft because;2025-05-06T15:35:44;2025-05-06T02:52:52
